{
  "cells": [
    {
      "disease_group": "any_reported_outbreak",
      "events": 154,
      "horizon_weeks": 1,
      "rolling_origins": [
        2016,
        2017,
        2018,
        2019,
        2020,
        2021,
        2022
      ],
      "rows": 10740,
      "seasonal_baseline_brier": 0.01414422,
      "seasonal_baseline_log_score": 0.073801,
      "status": "evaluated",
      "variants": {
        "environment_v1_0_0": {
          "auc": 0.7283,
          "brier": 0.0139238822,
          "brier_change_vs_no_environment": 1.28738e-05,
          "brier_skill_score_vs_baseline": 0.015578,
          "delta_brier_ci_2_5": 9.9514503e-05,
          "delta_brier_ci_97_5": 0.0003711934,
          "log_score": 0.070066,
          "log_score_gain_nats": 0.003735
        },
        "environment_v1_1_0": {
          "auc": 0.7266,
          "brier": 0.0139126374,
          "brier_change_vs_no_environment": 1.629e-06,
          "brier_skill_score_vs_baseline": 0.016373,
          "delta_brier_ci_2_5": 9.1995415e-05,
          "delta_brier_ci_97_5": 0.000422381582,
          "log_score": 0.070069,
          "log_score_gain_nats": 0.003732
        },
        "no_environment": {
          "auc": 0.7297,
          "brier": 0.0139110084,
          "brier_change_vs_no_environment": 0.0,
          "brier_skill_score_vs_baseline": 0.016488,
          "delta_brier_ci_2_5": 8.5880601e-05,
          "delta_brier_ci_97_5": 0.000388675661,
          "log_score": 0.069936,
          "log_score_gain_nats": 0.003865
        }
      }
    },
    {
      "disease_group": "any_reported_outbreak",
      "events": 151,
      "horizon_weeks": 2,
      "rolling_origins": [
        2016,
        2017,
        2018,
        2019,
        2020,
        2021,
        2022
      ],
      "rows": 10530,
      "seasonal_baseline_brier": 0.01414317,
      "seasonal_baseline_log_score": 0.073798,
      "status": "evaluated",
      "variants": {
        "environment_v1_0_0": {
          "auc": 0.7156,
          "brier": 0.0140037613,
          "brier_change_vs_no_environment": 4.8995e-06,
          "brier_skill_score_vs_baseline": 0.009857,
          "delta_brier_ci_2_5": 4.6154319e-05,
          "delta_brier_ci_97_5": 0.00022801151,
          "log_score": 0.070917,
          "log_score_gain_nats": 0.00288
        },
        "environment_v1_1_0": {
          "auc": 0.7114,
          "brier": 0.014003074,
          "brier_change_vs_no_environment": 4.2122e-06,
          "brier_skill_score_vs_baseline": 0.009906,
          "delta_brier_ci_2_5": 2.5372458e-05,
          "delta_brier_ci_97_5": 0.000252373819,
          "log_score": 0.071041,
          "log_score_gain_nats": 0.002757
        },
        "no_environment": {
          "auc": 0.7175,
          "brier": 0.0139988618,
          "brier_change_vs_no_environment": 0.0,
          "brier_skill_score_vs_baseline": 0.010203,
          "delta_brier_ci_2_5": 3.7652675e-05,
          "delta_brier_ci_97_5": 0.000230120263,
          "log_score": 0.070812,
          "log_score_gain_nats": 0.002986
        }
      }
    },
    {
      "disease_group": "any_reported_outbreak",
      "events": 148,
      "horizon_weeks": 4,
      "rolling_origins": [
        2016,
        2017,
        2018,
        2019,
        2020,
        2021,
        2022
      ],
      "rows": 10110,
      "seasonal_baseline_brier": 0.01442885,
      "seasonal_baseline_log_score": 0.074882,
      "status": "evaluated",
      "variants": {
        "environment_v1_0_0": {
          "auc": 0.7267,
          "brier": 0.0143434695,
          "brier_change_vs_no_environment": 1.71522e-05,
          "brier_skill_score_vs_baseline": 0.005917,
          "delta_brier_ci_2_5": 1.4089498e-05,
          "delta_brier_ci_97_5": 0.000151206781,
          "log_score": 0.072021,
          "log_score_gain_nats": 0.002861
        },
        "environment_v1_1_0": {
          "auc": 0.7212,
          "brier": 0.014364851,
          "brier_change_vs_no_environment": 3.85337e-05,
          "brier_skill_score_vs_baseline": 0.004435,
          "delta_brier_ci_2_5": -3.2616403e-05,
          "delta_brier_ci_97_5": 0.000148698898,
          "log_score": 0.072326,
          "log_score_gain_nats": 0.002556
        },
        "no_environment": {
          "auc": 0.7298,
          "brier": 0.0143263173,
          "brier_change_vs_no_environment": 0.0,
          "brier_skill_score_vs_baseline": 0.007106,
          "delta_brier_ci_2_5": 4.5021927e-05,
          "delta_brier_ci_97_5": 0.000152332948,
          "log_score": 0.071795,
          "log_score_gain_nats": 0.003088
        }
      }
    },
    {
      "disease_group": "any_reported_outbreak",
      "events": 135,
      "horizon_weeks": 8,
      "rolling_origins": [
        2016,
        2017,
        2018,
        2019,
        2020,
        2021,
        2022
      ],
      "rows": 9270,
      "seasonal_baseline_brier": 0.01436068,
      "seasonal_baseline_log_score": 0.074784,
      "status": "evaluated",
      "variants": {
        "environment_v1_0_0": {
          "auc": 0.7106,
          "brier": 0.0142707028,
          "brier_change_vs_no_environment": -1.05585e-05,
          "brier_skill_score_vs_baseline": 0.006265,
          "delta_brier_ci_2_5": -8.004704e-05,
          "delta_brier_ci_97_5": 0.000228972614,
          "log_score": 0.072459,
          "log_score_gain_nats": 0.002325
        },
        "environment_v1_1_0": {
          "auc": 0.7043,
          "brier": 0.0142794643,
          "brier_change_vs_no_environment": -1.797e-06,
          "brier_skill_score_vs_baseline": 0.005655,
          "delta_brier_ci_2_5": -7.606297e-05,
          "delta_brier_ci_97_5": 0.000202656758,
          "log_score": 0.072723,
          "log_score_gain_nats": 0.002061
        },
        "no_environment": {
          "auc": 0.712,
          "brier": 0.0142812613,
          "brier_change_vs_no_environment": 0.0,
          "brier_skill_score_vs_baseline": 0.00553,
          "delta_brier_ci_2_5": -5.6785965e-05,
          "delta_brier_ci_97_5": 0.000193223493,
          "log_score": 0.0724,
          "log_score_gain_nats": 0.002384
        }
      }
    },
    {
      "disease_group": "any_reported_outbreak",
      "events": 126,
      "horizon_weeks": 12,
      "rolling_origins": [
        2016,
        2017,
        2018,
        2019,
        2020,
        2021,
        2022
      ],
      "rows": 8430,
      "seasonal_baseline_brier": 0.01474378,
      "seasonal_baseline_log_score": 0.076586,
      "status": "evaluated",
      "variants": {
        "environment_v1_0_0": {
          "auc": 0.6496,
          "brier": 0.0148993029,
          "brier_change_vs_no_environment": 7.6559e-06,
          "brier_skill_score_vs_baseline": -0.010548,
          "delta_brier_ci_2_5": -0.000300628649,
          "delta_brier_ci_97_5": -2.3681403e-05,
          "log_score": 0.077225,
          "log_score_gain_nats": -0.000639
        },
        "environment_v1_1_0": {
          "auc": 0.6602,
          "brier": 0.0148722661,
          "brier_change_vs_no_environment": -1.93808e-05,
          "brier_skill_score_vs_baseline": -0.008715,
          "delta_brier_ci_2_5": -0.000225864992,
          "delta_brier_ci_97_5": -3.790887e-05,
          "log_score": 0.076794,
          "log_score_gain_nats": -0.000207
        },
        "no_environment": {
          "auc": 0.6381,
          "brier": 0.0148916469,
          "brier_change_vs_no_environment": 0.0,
          "brier_skill_score_vs_baseline": -0.010029,
          "delta_brier_ci_2_5": -0.000242880049,
          "delta_brier_ci_97_5": -5.9930614e-05,
          "log_score": 0.077484,
          "log_score_gain_nats": -0.000898
        }
      }
    },
    {
      "disease_group": "diarrhoeal_and_cholera",
      "events": 152,
      "horizon_weeks": 1,
      "rolling_origins": [
        2016,
        2017,
        2018,
        2019,
        2020,
        2021,
        2022
      ],
      "rows": 10740,